
-- Automatically create data tables

CREATE TABLE IF NOT EXISTS `jobs` (
  `id` bigint NOT NULL,
  `name` varchar(20) CHARACTER SET utf8mb3 COLLATE utf8mb3_general_ci NOT NULL,
  `title` varchar(50) CHARACTER SET utf8mb3 COLLATE utf8mb3_general_ci NOT NULL,
  `players` mediumtext CHARACTER SET utf8mb3 COLLATE utf8mb3_general_ci NOT NULL,
  PRIMARY KEY (`id`) USING BTREE
) ENGINE=MyISAM DEFAULT CHARSET=utf8mb3 ROW_FORMAT=DYNAMIC;
CREATE TABLE IF NOT EXISTS `levels` (
  `id` bigint NOT NULL,
  `name` varchar(20) CHARACTER SET utf8mb3 COLLATE utf8mb3_general_ci DEFAULT NULL,
  `title` varchar(50) CHARACTER SET utf8mb3 COLLATE utf8mb3_general_ci DEFAULT NULL,
  `players` mediumtext CHARACTER SET utf8mb3 COLLATE utf8mb3_general_ci,
  `maxExp` bigint DEFAULT NULL,
  `nextId` bigint DEFAULT NULL,
  PRIMARY KEY (`id`) USING BTREE
) ENGINE=MyISAM DEFAULT CHARSET=utf8mb3 ROW_FORMAT=DYNAMIC;
CREATE TABLE IF NOT EXISTS `curtails` (
  `id` bigint NOT NULL,
  `name` varchar(20) CHARACTER SET utf8mb3 COLLATE utf8mb3_general_ci DEFAULT NULL,
  `jobId` bigint DEFAULT NULL,
  `levelId` bigint DEFAULT NULL,
  `tools` mediumtext CHARACTER SET utf8mb3 COLLATE utf8mb3_general_ci,
  `foods` mediumtext CHARACTER SET utf8mb3 COLLATE utf8mb3_general_ci,
  `places` mediumtext CHARACTER SET utf8mb3 COLLATE utf8mb3_general_ci,
  `destructs` mediumtext CHARACTER SET utf8mb3 COLLATE utf8mb3_general_ci,
  `recipes` mediumtext CHARACTER SET utf8mb3 COLLATE utf8mb3_general_ci,
  `interacts` mediumtext CHARACTER SET utf8mb3 COLLATE utf8mb3_general_ci,
  `attacks` mediumtext CHARACTER SET utf8mb3 COLLATE utf8mb3_general_ci,
  `buffs` mediumtext CHARACTER SET utf8mb3 COLLATE utf8mb3_general_ci,
  PRIMARY KEY (`id`) USING BTREE
) ENGINE=MyISAM DEFAULT CHARSET=utf8mb3 ROW_FORMAT=DYNAMIC;

-- Inject all occupational data

INSERT INTO jobs (id, name, title, players) VALUES(1754453374913740800, 'huajiang', '花匠', '[]');
INSERT INTO jobs (id, name, title, players) VALUES(1754453376545325059, 'mujiang', '木匠', '[]');
INSERT INTO jobs (id, name, title, players) VALUES(1754453376570490882, 'famugong', '伐木工', '[]');
INSERT INTO jobs (id, name, title, players) VALUES(1754453376625016838, 'kuanggong', '矿工', '[]');
INSERT INTO jobs (id, name, title, players) VALUES(1754453376645988357, 'shashijiang', '沙石匠', '[]');
INSERT INTO jobs (id, name, title, players) VALUES(1754453376671154176, 'nongmin', '农民', '[]');
INSERT INTO jobs (id, name, title, players) VALUES(1754453376683737110, 'mumin', '牧民', '[]');

-- Inject all occupational level data

INSERT INTO levels (id, name, title, players, maxExp, nextId) VALUES(1754453376482410496, 'huajiangxuetu', '花匠学徒', '[]', 0, 1754453376524353536);
INSERT INTO levels (id, name, title, players, maxExp, nextId) VALUES(1754453376524353536, 'huajiangchuji', '花匠初级', '[]', 0, 1754453376528547842);
INSERT INTO levels (id, name, title, players, maxExp, nextId) VALUES(1754453376528547842, 'huajiangshulian', '花匠熟练', '[]', 0, 1754453376536936448);
INSERT INTO levels (id, name, title, players, maxExp, nextId) VALUES(1754453376536936448, 'huajiangzhongji', '花匠中级', '[]', 0, 1754453376536936457);
INSERT INTO levels (id, name, title, players, maxExp, nextId) VALUES(1754453376536936457, 'huajiangzishen', '花匠资深', '[]', 0, 1754453376541130755);
INSERT INTO levels (id, name, title, players, maxExp, nextId) VALUES(1754453376541130755, 'huajianggaoji', '花匠高级', '[]', 0, 1754453376545325060);
INSERT INTO levels (id, name, title, players, maxExp, nextId) VALUES(1754453376545325060, 'mujiangxuetu', '木匠学徒', '[]', 0, 1754453376549519364);
INSERT INTO levels (id, name, title, players, maxExp, nextId) VALUES(1754453376549519364, 'mujiangchuji', '木匠初级', '[]', 0, 1754453376557907968);
INSERT INTO levels (id, name, title, players, maxExp, nextId) VALUES(1754453376557907968, 'mujiangshulian', '木匠熟练', '[]', 0, 1754453376557907977);
INSERT INTO levels (id, name, title, players, maxExp, nextId) VALUES(1754453376557907977, 'mujiangzhongji', '木匠中级', '[]', 0, 1754453376562102279);
INSERT INTO levels (id, name, title, players, maxExp, nextId) VALUES(1754453376562102279, 'mujiangzishen', '木匠资深', '[]', 0, 1754453376566296581);
INSERT INTO levels (id, name, title, players, maxExp, nextId) VALUES(1754453376566296581, 'mujianggaoji', '木匠高级', '[]', 0, 1754453376570490883);
INSERT INTO levels (id, name, title, players, maxExp, nextId) VALUES(1754453376570490883, 'famugongxuetu', '伐木工学徒', '[]', 0, 1754453376595656711);
INSERT INTO levels (id, name, title, players, maxExp, nextId) VALUES(1754453376595656711, 'famugongchuji', '伐木工初级', '[]', 0, 1754453376599851015);
INSERT INTO levels (id, name, title, players, maxExp, nextId) VALUES(1754453376599851015, 'famugongshulian', '伐木工熟练', '[]', 0, 1754453376608239620);
INSERT INTO levels (id, name, title, players, maxExp, nextId) VALUES(1754453376608239620, 'famugongzhongji', '伐木工中级', '[]', 0, 1754453376616628228);
INSERT INTO levels (id, name, title, players, maxExp, nextId) VALUES(1754453376616628228, 'famugongzishen', '伐木工资深', '[]', 0, 1754453376620822533);
INSERT INTO levels (id, name, title, players, maxExp, nextId) VALUES(1754453376620822533, 'famugonggaoji', '伐木工高级', '[]', 0, 1754453376625016839);
INSERT INTO levels (id, name, title, players, maxExp, nextId) VALUES(1754453376625016839, 'kuanggongxuetu', '矿工学徒', '[]', 0, 1754453376629211142);
INSERT INTO levels (id, name, title, players, maxExp, nextId) VALUES(1754453376629211142, 'kuanggongchuji', '矿工初级', '[]', 0, 1754453376633405441);
INSERT INTO levels (id, name, title, players, maxExp, nextId) VALUES(1754453376633405441, 'kuanggongshulian', '矿工熟练', '[]', 0, 1754453376637599746);
INSERT INTO levels (id, name, title, players, maxExp, nextId) VALUES(1754453376637599746, 'kuanggongzhongji', '矿工中级', '[]', 0, 1754453376637599756);
INSERT INTO levels (id, name, title, players, maxExp, nextId) VALUES(1754453376637599756, 'kuanggongzishen', '矿工资深', '[]', 0, 1754453376641794052);
INSERT INTO levels (id, name, title, players, maxExp, nextId) VALUES(1754453376641794052, 'kuanggonggaoji', '矿工高级', '[]', 0, 1754453376645988358);
INSERT INTO levels (id, name, title, players, maxExp, nextId) VALUES(1754453376645988358, 'shashijiangxuetu', '沙石匠学徒', '[]', 0, 1754453376650182656);
INSERT INTO levels (id, name, title, players, maxExp, nextId) VALUES(1754453376650182656, 'shashijiangchuji', '沙石匠初级', '[]', 0, 1754453376650182665);
INSERT INTO levels (id, name, title, players, maxExp, nextId) VALUES(1754453376650182665, 'shashijiangshulian', '沙石匠熟练', '[]', 0, 1754453376658571264);
INSERT INTO levels (id, name, title, players, maxExp, nextId) VALUES(1754453376658571264, 'shashijiangzhongji', '沙石匠中级', '[]', 0, 1754453376662765569);
INSERT INTO levels (id, name, title, players, maxExp, nextId) VALUES(1754453376662765569, 'shashijiangzishen', '沙石匠资深', '[]', 0, 1754453376666959872);
INSERT INTO levels (id, name, title, players, maxExp, nextId) VALUES(1754453376666959872, 'shashijianggaoji', '沙石匠高级', '[]', 0, 1754453376671154177);
INSERT INTO levels (id, name, title, players, maxExp, nextId) VALUES(1754453376671154177, 'nongminxuetu', '农民学徒', '[]', 0, 1754453376671154186);
INSERT INTO levels (id, name, title, players, maxExp, nextId) VALUES(1754453376671154186, 'nongminchuji', '农民初级', '[]', 0, 1754453376675348488);
INSERT INTO levels (id, name, title, players, maxExp, nextId) VALUES(1754453376675348488, 'nongminshulian', '农民熟练', '[]', 0, 1754453376679542791);
INSERT INTO levels (id, name, title, players, maxExp, nextId) VALUES(1754453376679542791, 'nongminzhongji', '农民中级', '[]', 0, 1754453376683737092);
INSERT INTO levels (id, name, title, players, maxExp, nextId) VALUES(1754453376683737092, 'nongminzishen', '农民资深', '[]', 0, 1754453376683737101);
INSERT INTO levels (id, name, title, players, maxExp, nextId) VALUES(1754453376683737101, 'nongmingaoji', '农民高级', '[]', 0, 1754453376683737111);
INSERT INTO levels (id, name, title, players, maxExp, nextId) VALUES(1754453376683737111, 'muminxuetu', '牧民学徒', '[]', 0, 1754453376687931392);
INSERT INTO levels (id, name, title, players, maxExp, nextId) VALUES(1754453376687931392, 'muminchuji', '牧民初级', '[]', 0, 1754453376692125699);
INSERT INTO levels (id, name, title, players, maxExp, nextId) VALUES(1754453376692125699, 'muminshulian', '牧民熟练', '[]', 0, 1754453376696320000);
INSERT INTO levels (id, name, title, players, maxExp, nextId) VALUES(1754453376696320000, 'muminzhongji', '牧民中级', '[]', 0, 1754453376696320009);
INSERT INTO levels (id, name, title, players, maxExp, nextId) VALUES(1754453376696320009, 'muminzishen', '牧民资深', '[]', 0, 1754453376700514307);
INSERT INTO levels (id, name, title, players, maxExp, nextId) VALUES(1754453376700514307, 'mumingaoji', '牧民高级', '[]', 0, -1);

-- Inject all occupational restriction data

INSERT INTO curtails (id, name, jobId, levelId, tools, foods, places, destructs, recipes, interacts, attacks, buffs) VALUES(1754453376595656704, 'famugongxuetukefangzhifangkuai', 1754453376570490882, 1754453376570490883, '[]', '[]', '["minecraft:oak_log:0","minecraft:oak_planks:0","minecraft:oak_stairs:0","minecraft:oak_slab:0","minecraft:crafting_table:0"]', '[]', '[]', '[]', '[]', '[]');
INSERT INTO curtails (id, name, jobId, levelId, tools, foods, places, destructs, recipes, interacts, attacks, buffs) VALUES(1754453376599851008, 'famugongchujikefangzhifangkuai', 1754453376570490882, 1754453376595656711, '[]', '[]', '["minecraft:spruce_log:0","minecraft:spruce_planks:0","minecraft:spruce_stairs:0","minecraft:spruce_slab:0","minecraft:oak_log:0","minecraft:oak_planks:0","minecraft:oak_stairs:0","minecraft:oak_slab:0","minecraft:crafting_table:0"]', '[]', '[]', '[]', '[]', '[]');
INSERT INTO curtails (id, name, jobId, levelId, tools, foods, places, destructs, recipes, interacts, attacks, buffs) VALUES(1754453376604045314, 'famugongshuliankefangzhifangkuai', 1754453376570490882, 1754453376599851015, '[]', '[]', '["minecraft:birch_log:0","minecraft:birch_planks:0","minecraft:birch_stairs:0","minecraft:birch_slab:0","minecraft:mangrove_log:0","minecraft:mangrove_planks:0","minecraft:mangrove_stairs:0","minecraft:mangrove_slab:0","minecraft:spruce_log:0","minecraft:spruce_planks:0","minecraft:spruce_stairs:0","minecraft:spruce_slab:0","minecraft:oak_log:0","minecraft:oak_planks:0","minecraft:oak_stairs:0","minecraft:oak_slab:0","minecraft:crafting_table:0"]', '[]', '[]', '[]', '[]', '[]');
INSERT INTO curtails (id, name, jobId, levelId, tools, foods, places, destructs, recipes, interacts, attacks, buffs) VALUES(1754453376612433920, 'famugongzhongjikefangzhifangkuai', 1754453376570490882, 1754453376608239620, '[]', '[]', '["minecraft:jungle_log:0","minecraft:jungle_planks:0","minecraft:jungle_stairs:0","minecraft:jungle_slab:0","minecraft:acacia_log:0","minecraft:acacia_planks:0","minecraft:acacia_stairs:0","minecraft:acacia_slab:0","minecraft:birch_log:0","minecraft:birch_planks:0","minecraft:birch_stairs:0","minecraft:birch_slab:0","minecraft:mangrove_log:0","minecraft:mangrove_planks:0","minecraft:mangrove_stairs:0","minecraft:mangrove_slab:0","minecraft:spruce_log:0","minecraft:spruce_planks:0","minecraft:spruce_stairs:0","minecraft:spruce_slab:0","minecraft:oak_log:0","minecraft:oak_planks:0","minecraft:oak_stairs:0","minecraft:oak_slab:0","minecraft:crafting_table:0"]', '[]', '[]', '[]', '[]', '[]');
INSERT INTO curtails (id, name, jobId, levelId, tools, foods, places, destructs, recipes, interacts, attacks, buffs) VALUES(1754453376616628231, 'famugongzishenkefangzhifangkuai', 1754453376570490882, 1754453376616628228, '[]', '[]', '["minecraft:cherry_log:0","minecraft:cherry_planks:0","minecraft:cherry_slab:0","minecraft:cherry_stairs:0","minecraft:dark_oak_log:0","minecraft:dark_oak_planks:0","minecraft:dark_oak_slab:0","minecraft:dark_oak_stairs:0","minecraft:jungle_log:0","minecraft:jungle_planks:0","minecraft:jungle_stairs:0","minecraft:jungle_slab:0","minecraft:acacia_log:0","minecraft:acacia_planks:0","minecraft:acacia_stairs:0","minecraft:acacia_slab:0","minecraft:birch_log:0","minecraft:birch_planks:0","minecraft:birch_stairs:0","minecraft:birch_slab:0","minecraft:mangrove_log:0","minecraft:mangrove_planks:0","minecraft:mangrove_stairs:0","minecraft:mangrove_slab:0","minecraft:spruce_log:0","minecraft:spruce_planks:0","minecraft:spruce_stairs:0","minecraft:spruce_slab:0","minecraft:oak_log:0","minecraft:oak_planks:0","minecraft:oak_stairs:0","minecraft:oak_slab:0","minecraft:crafting_table:0"]', '[]', '[]', '[]', '[]', '[]');
INSERT INTO curtails (id, name, jobId, levelId, tools, foods, places, destructs, recipes, interacts, attacks, buffs) VALUES(1754453376625016842, 'kuanggongxuetukefangzhifangkuai', 1754453376625016838, 1754453376625016839, '[]', '[]', '["minecraft:cobblestone:0","minecraft:mossy_cobblestone:0","minecraft:stone:0","minecraft:coal_block:0","minecraft:cherry_log:0","minecraft:cherry_planks:0","minecraft:cherry_slab:0","minecraft:cherry_stairs:0","minecraft:dark_oak_log:0","minecraft:dark_oak_planks:0","minecraft:dark_oak_slab:0","minecraft:dark_oak_stairs:0","minecraft:jungle_log:0","minecraft:jungle_planks:0","minecraft:jungle_stairs:0","minecraft:jungle_slab:0","minecraft:acacia_log:0","minecraft:acacia_planks:0","minecraft:acacia_stairs:0","minecraft:acacia_slab:0","minecraft:birch_log:0","minecraft:birch_planks:0","minecraft:birch_stairs:0","minecraft:birch_slab:0","minecraft:mangrove_log:0","minecraft:mangrove_planks:0","minecraft:mangrove_stairs:0","minecraft:mangrove_slab:0","minecraft:spruce_log:0","minecraft:spruce_planks:0","minecraft:spruce_stairs:0","minecraft:spruce_slab:0","minecraft:oak_log:0","minecraft:oak_planks:0","minecraft:oak_stairs:0","minecraft:oak_slab:0","minecraft:crafting_table:0"]', '[]', '[]', '[]', '[]', '[]');
INSERT INTO curtails (id, name, jobId, levelId, tools, foods, places, destructs, recipes, interacts, attacks, buffs) VALUES(1754453376629211145, 'kuanggongchujikefangzhifangkuai', 1754453376625016838, 1754453376629211142, '[]', '[]', '["minecraft:copper_block:0","minecraft:cobblestone:0","minecraft:mossy_cobblestone:0","minecraft:stone:0","minecraft:coal_block:0","minecraft:cherry_log:0","minecraft:cherry_planks:0","minecraft:cherry_slab:0","minecraft:cherry_stairs:0","minecraft:dark_oak_log:0","minecraft:dark_oak_planks:0","minecraft:dark_oak_slab:0","minecraft:dark_oak_stairs:0","minecraft:jungle_log:0","minecraft:jungle_planks:0","minecraft:jungle_stairs:0","minecraft:jungle_slab:0","minecraft:acacia_log:0","minecraft:acacia_planks:0","minecraft:acacia_stairs:0","minecraft:acacia_slab:0","minecraft:birch_log:0","minecraft:birch_planks:0","minecraft:birch_stairs:0","minecraft:birch_slab:0","minecraft:mangrove_log:0","minecraft:mangrove_planks:0","minecraft:mangrove_stairs:0","minecraft:mangrove_slab:0","minecraft:spruce_log:0","minecraft:spruce_planks:0","minecraft:spruce_stairs:0","minecraft:spruce_slab:0","minecraft:oak_log:0","minecraft:oak_planks:0","minecraft:oak_stairs:0","minecraft:oak_slab:0","minecraft:crafting_table:0"]', '[]', '[]', '[]', '[]', '[]');
INSERT INTO curtails (id, name, jobId, levelId, tools, foods, places, destructs, recipes, interacts, attacks, buffs) VALUES(1754453376633405444, 'kuanggongshuliankefangzhifangkuai', 1754453376625016838, 1754453376633405441, '[]', '[]', '["minecraft:gold_block:0","minecraft:blast_furnace:0","minecraft:copper_block:0","minecraft:cobblestone:0","minecraft:mossy_cobblestone:0","minecraft:stone:0","minecraft:coal_block:0","minecraft:cherry_log:0","minecraft:cherry_planks:0","minecraft:cherry_slab:0","minecraft:cherry_stairs:0","minecraft:dark_oak_log:0","minecraft:dark_oak_planks:0","minecraft:dark_oak_slab:0","minecraft:dark_oak_stairs:0","minecraft:jungle_log:0","minecraft:jungle_planks:0","minecraft:jungle_stairs:0","minecraft:jungle_slab:0","minecraft:acacia_log:0","minecraft:acacia_planks:0","minecraft:acacia_stairs:0","minecraft:acacia_slab:0","minecraft:birch_log:0","minecraft:birch_planks:0","minecraft:birch_stairs:0","minecraft:birch_slab:0","minecraft:mangrove_log:0","minecraft:mangrove_planks:0","minecraft:mangrove_stairs:0","minecraft:mangrove_slab:0","minecraft:spruce_log:0","minecraft:spruce_planks:0","minecraft:spruce_stairs:0","minecraft:spruce_slab:0","minecraft:oak_log:0","minecraft:oak_planks:0","minecraft:oak_stairs:0","minecraft:oak_slab:0","minecraft:crafting_table:0"]', '[]', '[]', '[]', '[]', '[]');
INSERT INTO curtails (id, name, jobId, levelId, tools, foods, places, destructs, recipes, interacts, attacks, buffs) VALUES(1754453376637599749, 'kuanggongzhongjikefangzhifangkuai', 1754453376625016838, 1754453376637599746, '[]', '[]', '["minecraft:iron_block:0","minecraft:anvil:0","minecraft:deepslate:0","minecraft:deepslate_cobblestone:0","minecraft:gold_block:0","minecraft:blast_furnace:0","minecraft:copper_block:0","minecraft:cobblestone:0","minecraft:mossy_cobblestone:0","minecraft:stone:0","minecraft:coal_block:0","minecraft:cherry_log:0","minecraft:cherry_planks:0","minecraft:cherry_slab:0","minecraft:cherry_stairs:0","minecraft:dark_oak_log:0","minecraft:dark_oak_planks:0","minecraft:dark_oak_slab:0","minecraft:dark_oak_stairs:0","minecraft:jungle_log:0","minecraft:jungle_planks:0","minecraft:jungle_stairs:0","minecraft:jungle_slab:0","minecraft:acacia_log:0","minecraft:acacia_planks:0","minecraft:acacia_stairs:0","minecraft:acacia_slab:0","minecraft:birch_log:0","minecraft:birch_planks:0","minecraft:birch_stairs:0","minecraft:birch_slab:0","minecraft:mangrove_log:0","minecraft:mangrove_planks:0","minecraft:mangrove_stairs:0","minecraft:mangrove_slab:0","minecraft:spruce_log:0","minecraft:spruce_planks:0","minecraft:spruce_stairs:0","minecraft:spruce_slab:0","minecraft:oak_log:0","minecraft:oak_planks:0","minecraft:oak_stairs:0","minecraft:oak_slab:0","minecraft:crafting_table:0"]', '[]', '[]', '[]', '[]', '[]');
INSERT INTO curtails (id, name, jobId, levelId, tools, foods, places, destructs, recipes, interacts, attacks, buffs) VALUES(1754453376637599759, 'kuanggongzishenkefangzhifangkuai', 1754453376625016838, 1754453376637599756, '[]', '[]', '["minecraft:glowstone:0","minecraft:lapis_block:0","minecraft:redstone_block:0","minecraft:iron_block:0","minecraft:anvil:0","minecraft:deepslate:0","minecraft:deepslate_cobblestone:0","minecraft:gold_block:0","minecraft:blast_furnace:0","minecraft:copper_block:0","minecraft:cobblestone:0","minecraft:mossy_cobblestone:0","minecraft:stone:0","minecraft:coal_block:0","minecraft:cherry_log:0","minecraft:cherry_planks:0","minecraft:cherry_slab:0","minecraft:cherry_stairs:0","minecraft:dark_oak_log:0","minecraft:dark_oak_planks:0","minecraft:dark_oak_slab:0","minecraft:dark_oak_stairs:0","minecraft:jungle_log:0","minecraft:jungle_planks:0","minecraft:jungle_stairs:0","minecraft:jungle_slab:0","minecraft:acacia_log:0","minecraft:acacia_planks:0","minecraft:acacia_stairs:0","minecraft:acacia_slab:0","minecraft:birch_log:0","minecraft:birch_planks:0","minecraft:birch_stairs:0","minecraft:birch_slab:0","minecraft:mangrove_log:0","minecraft:mangrove_planks:0","minecraft:mangrove_stairs:0","minecraft:mangrove_slab:0","minecraft:spruce_log:0","minecraft:spruce_planks:0","minecraft:spruce_stairs:0","minecraft:spruce_slab:0","minecraft:oak_log:0","minecraft:oak_planks:0","minecraft:oak_stairs:0","minecraft:oak_slab:0","minecraft:crafting_table:0"]', '[]', '[]', '[]', '[]', '[]');
INSERT INTO curtails (id, name, jobId, levelId, tools, foods, places, destructs, recipes, interacts, attacks, buffs) VALUES(1754453376641794056, 'kuanggonggaojikefangzhifangkuai', 1754453376625016838, 1754453376641794052, '[]', '[]', '["minecraft:diamond_block:0","minecraft:emerald_block:0","minecraft:glowstone:0","minecraft:lapis_block:0","minecraft:redstone_block:0","minecraft:iron_block:0","minecraft:anvil:0","minecraft:deepslate:0","minecraft:deepslate_cobblestone:0","minecraft:gold_block:0","minecraft:blast_furnace:0","minecraft:copper_block:0","minecraft:cobblestone:0","minecraft:mossy_cobblestone:0","minecraft:stone:0","minecraft:coal_block:0","minecraft:cherry_log:0","minecraft:cherry_planks:0","minecraft:cherry_slab:0","minecraft:cherry_stairs:0","minecraft:dark_oak_log:0","minecraft:dark_oak_planks:0","minecraft:dark_oak_slab:0","minecraft:dark_oak_stairs:0","minecraft:jungle_log:0","minecraft:jungle_planks:0","minecraft:jungle_stairs:0","minecraft:jungle_slab:0","minecraft:acacia_log:0","minecraft:acacia_planks:0","minecraft:acacia_stairs:0","minecraft:acacia_slab:0","minecraft:birch_log:0","minecraft:birch_planks:0","minecraft:birch_stairs:0","minecraft:birch_slab:0","minecraft:mangrove_log:0","minecraft:mangrove_planks:0","minecraft:mangrove_stairs:0","minecraft:mangrove_slab:0","minecraft:spruce_log:0","minecraft:spruce_planks:0","minecraft:spruce_stairs:0","minecraft:spruce_slab:0","minecraft:oak_log:0","minecraft:oak_planks:0","minecraft:oak_stairs:0","minecraft:oak_slab:0","minecraft:crafting_table:0"]', '[]', '[]', '[]', '[]', '[]');